LCLid,stdorToU,Acorn,Acorn_grouped,file
MAC005492,ToU,ACORN-,ACORN-,block_0
MAC003239,Std,ACORN-A,Affluent,block_0
MAC001528,Std,ACORN-A,Affluent,block_1
MAC001251,Std,ACORN-A,Affluent,block_1
MAC001145,Std,ACORN-A,Affluent,block_1
MAC000816,Std,ACORN-A,Affluent,block_1
MAC002150,Std,ACORN-A,Affluent,block_1
MAC005468,Std,ACORN-A,Affluent,block_2
MAC002199,ToU,ACORN-A,Affluent,block_2
MAC003807,ToU,ACORN-A,Affluent,block_2
MAC004997,Std,ACORN-A,Affluent,block_2
MAC001966,Std,ACORN-B,Affluent,block_3
MAC002595,Std,ACORN-C,Affluent,block_3
MAC002503,Std,ACORN-C,Affluent,block_4
MAC004825,ToU,ACORN-C,Affluent,block_4
MAC005489,ToU,ACORN-C,Affluent,block_4
MAC001958,Std,ACORN-C,Affluent,block_4
MAC005066,Std,ACORN-C,Affluent,block_4
MAC003592,Std,ACORN-C,Affluent,block_5
MAC003313,Std,ACORN-C,Affluent,block_5
MAC003275,Std,ACORN-C,Affluent,block_5
MAC003201,ToU,ACORN-C,Affluent,block_6
MAC001471,ToU,ACORN-C,Affluent,block_6
MAC001767,ToU,ACORN-C,Affluent,block_6
MAC000063,Std,ACORN-D,Affluent,block_7
MAC004364,Std,ACORN-D,Affluent,block_7
MAC002978,Std,ACORN-D,Affluent,block_8
MAC005154,Std,ACORN-D,Affluent,block_8
MAC000079,Std,ACORN-D,Affluent,block_8
MAC001613,Std,ACORN-D,Affluent,block_9
MAC002024,Std,ACORN-D,Affluent,block_10
MAC000884,ToU,ACORN-D,Affluent,block_10
MAC001221,Std,ACORN-D,Affluent,block_10
MAC002014,Std,ACORN-D,Affluent,block_10
MAC002805,Std,ACORN-D,Affluent,block_11
MAC000442,Std,ACORN-D,Affluent,block_11
MAC000814,ToU,ACORN-D,Affluent,block_11
MAC005179,ToU,ACORN-D,Affluent,block_12
MAC005195,Std,ACORN-D,Affluent,block_12
MAC002543,Std,ACORN-E,Affluent,block_12
MAC002683,Std,ACORN-E,Affluent,block_12
MAC005393,Std,ACORN-E,Affluent,block_12
MAC005412,Std,ACORN-E,Affluent,block_13
MAC002522,Std,ACORN-E,Affluent,block_13
MAC005356,Std,ACORN-E,Affluent,block_14
MAC002608,Std,ACORN-E,Affluent,block_14
MAC002621,Std,ACORN-E,Affluent,block_14
MAC005307,Std,ACORN-E,Affluent,block_14
MAC005299,Std,ACORN-E,Affluent,block_14
MAC005387,Std,ACORN-E,Affluent,block_14
MAC005285,Std,ACORN-E,Affluent,block_15
MAC002697,Std,ACORN-E,Affluent,block_15
MAC002244,Std,ACORN-E,Affluent,block_15
MAC002142,Std,ACORN-E,Affluent,block_15
MAC002141,Std,ACORN-E,Affluent,block_15
MAC002120,Std,ACORN-E,Affluent,block_15
MAC002096,Std,ACORN-E,Affluent,block_16
MAC002200,Std,ACORN-E,Affluent,block_16
MAC002165,Std,ACORN-E,Affluent,block_16
MAC002158,Std,ACORN-E,Affluent,block_16
MAC001995,Std,ACORN-E,Affluent,block_16
MAC001979,Std,ACORN-E,Affluent,block_17
MAC001962,Std,ACORN-E,Affluent,block_17
MAC000910,ToU,ACORN-E,Affluent,block_17
MAC000324,Std,ACORN-E,Affluent,block_17
MAC005479,Std,ACORN-E,Affluent,block_18
MAC002434,Std,ACORN-E,Affluent,block_18
MAC002494,Std,ACORN-E,Affluent,block_18
MAC002479,Std,ACORN-E,Affluent,block_18
MAC005440,Std,ACORN-E,Affluent,block_19
MAC002282,Std,ACORN-E,Affluent,block_19
MAC002224,Std,ACORN-E,Affluent,block_19
MAC002310,Std,ACORN-E,Affluent,block_19
MAC000141,ToU,ACORN-E,Affluent,block_20
MAC002330,Std,ACORN-E,Affluent,block_20
MAC004511,Std,ACORN-E,Affluent,block_20
MAC000138,Std,ACORN-E,Affluent,block_21
MAC004656,Std,ACORN-E,Affluent,block_22
MAC004356,Std,ACORN-E,Affluent,block_22
MAC004556,Std,ACORN-E,Affluent,block_22
MAC004581,Std,ACORN-E,Affluent,block_22
MAC004613,Std,ACORN-E,Affluent,block_22
MAC004174,Std,ACORN-E,Affluent,block_23
MAC003974,Std,ACORN-E,Affluent,block_23
MAC004038,Std,ACORN-E,Affluent,block_24
MAC004013,Std,ACORN-E,Affluent,block_24
MAC004112,Std,ACORN-E,Affluent,block_24
MAC004341,Std,ACORN-E,Affluent,block_24
MAC004221,Std,ACORN-E,Affluent,block_25
MAC003007,Std,ACORN-E,Affluent,block_25
MAC005118,Std,ACORN-E,Affluent,block_26
MAC005109,Std,ACORN-E,Affluent,block_26
MAC005156,Std,ACORN-E,Affluent,block_26
MAC005038,Std,ACORN-E,Affluent,block_26
MAC005055,Std,ACORN-E,Affluent,block_26
MAC003067,Std,ACORN-E,Affluent,block_26
MAC003066,Std,ACORN-E,Affluent,block_26
MAC003056,Std,ACORN-E,Affluent,block_26
MAC003017,Std,ACORN-E,Affluent,block_27
MAC005235,Std,ACORN-E,Affluent,block_27
MAC005262,Std,ACORN-E,Affluent,block_27
MAC005177,Std,ACORN-E,Affluent,block_27
MAC004881,Std,ACORN-E,Affluent,block_28
MAC004891,Std,ACORN-E,Affluent,block_28
MAC004758,Std,ACORN-E,Affluent,block_29
MAC005027,Std,ACORN-E,Affluent,block_30
MAC004961,Std,ACORN-E,Affluent,block_30
MAC001378,Std,ACORN-E,Affluent,block_31
MAC000018,Std,ACORN-E,Affluent,block_31
MAC004668,ToU,ACORN-E,Affluent,block_32
MAC002713,ToU,ACORN-E,Affluent,block_32
MAC000756,Std,ACORN-E,Affluent,block_32
MAC002625,ToU,ACORN-E,Affluent,block_32
MAC002675,ToU,ACORN-E,Affluent,block_32
MAC000669,Std,ACORN-E,Affluent,block_33
MAC001521,Std,ACORN-E,Affluent,block_33
MAC001517,Std,ACORN-E,Affluent,block_33
MAC000078,Std,ACORN-E,Affluent,block_33
MAC000639,Std,ACORN-E,Affluent,block_33
MAC000646,Std,ACORN-E,Affluent,block_33
MAC002132,ToU,ACORN-E,Affluent,block_33
MAC004822,ToU,ACORN-E,Affluent,block_34
MAC000677,Std,ACORN-E,Affluent,block_34
MAC002264,ToU,ACORN-E,Affluent,block_34
MAC004184,ToU,ACORN-E,Affluent,block_34
MAC004152,ToU,ACORN-E,Affluent,block_35
MAC001160,Std,ACORN-E,Affluent,block_35
MAC001149,Std,ACORN-E,Affluent,block_35
MAC000049,Std,ACORN-E,Affluent,block_35
MAC003960,ToU,ACORN-E,Affluent,block_36
MAC001073,Std,ACORN-E,Affluent,block_36
MAC004320,ToU,ACORN-E,Affluent,block_36
MAC004605,ToU,ACORN-E,Affluent,block_36
MAC001283,Std,ACORN-E,Affluent,block_37
MAC001276,Std,ACORN-E,Affluent,block_37
MAC001194,Std,ACORN-E,Affluent,block_37
MAC000861,Std,ACORN-E,Affluent,block_37
MAC004424,ToU,ACORN-E,Affluent,block_38
MAC001203,Std,ACORN-E,Affluent,block_38
MAC000037,Std,ACORN-E,Affluent,block_38
MAC001723,Std,ACORN-E,Affluent,block_38
MAC001720,Std,ACORN-E,Affluent,block_39
MAC001737,Std,ACORN-E,Affluent,block_39
MAC000562,Std,ACORN-E,Affluent,block_39
MAC000454,Std,ACORN-E,Affluent,block_40
MAC000458,Std,ACORN-E,Affluent,block_40
MAC000469,Std,ACORN-E,Affluent,block_40
MAC000473,Std,ACORN-E,Affluent,block_40
MAC000504,Std,ACORN-E,Affluent,block_41
MAC001632,Std,ACORN-E,Affluent,block_41
MAC005122,ToU,ACORN-E,Affluent,block_41
MAC001919,Std,ACORN-E,Affluent,block_41
MAC000577,Std,ACORN-E,Affluent,block_42
MAC005034,ToU,ACORN-E,Affluent,block_42
MAC002060,ToU,ACORN-E,Affluent,block_42
MAC000610,Std,ACORN-E,Affluent,block_42
MAC001624,Std,ACORN-E,Affluent,block_42
MAC000422,Std,ACORN-E,Affluent,block_43
MAC000424,Std,ACORN-E,Affluent,block_43
MAC004786,Std,ACORN-F,Comfortable,block_44
MAC001019,Std,ACORN-F,Comfortable,block_44
MAC000996,Std,ACORN-F,Comfortable,block_44
MAC004882,Std,ACORN-F,Comfortable,block_44
MAC003999,Std,ACORN-F,Comfortable,block_44
MAC004024,ToU,ACORN-F,Comfortable,block_45
MAC004122,ToU,ACORN-F,Comfortable,block_45
MAC004127,Std,ACORN-F,Comfortable,block_45
MAC004862,Std,ACORN-F,Comfortable,block_45
MAC000211,Std,ACORN-F,Comfortable,block_46
MAC004837,ToU,ACORN-F,Comfortable,block_46
MAC000217,Std,ACORN-F,Comfortable,block_46
MAC005173,ToU,ACORN-F,Comfortable,block_46
MAC004523,Std,ACORN-F,Comfortable,block_46
MAC003662,Std,ACORN-F,Comfortable,block_47
MAC004917,ToU,ACORN-F,Comfortable,block_47
MAC004441,Std,ACORN-F,Comfortable,block_47
MAC004725,Std,ACORN-F,Comfortable,block_48
MAC004202,Std,ACORN-F,Comfortable,block_49
MAC001327,Std,ACORN-F,Comfortable,block_50
MAC002748,Std,ACORN-F,Comfortable,block_50
MAC000467,ToU,ACORN-F,Comfortable,block_51
MAC001214,Std,ACORN-F,Comfortable,block_51
MAC002266,Std,ACORN-F,Comfortable,block_51
MAC005264,Std,ACORN-F,Comfortable,block_51
MAC002799,Std,ACORN-F,Comfortable,block_51
MAC002251,Std,ACORN-F,Comfortable,block_51
MAC005438,Std,ACORN-F,Comfortable,block_52
MAC002451,Std,ACORN-F,Comfortable,block_52
MAC005431,Std,ACORN-F,Comfortable,block_52
MAC005481,Std,ACORN-F,Comfortable,block_52
MAC001601,Std,ACORN-F,Comfortable,block_52
MAC001861,ToU,ACORN-F,Comfortable,block_53
MAC002344,ToU,ACORN-F,Comfortable,block_53
MAC001490,Std,ACORN-F,Comfortable,block_53
MAC002554,Std,ACORN-F,Comfortable,block_54
MAC000051,ToU,ACORN-F,Comfortable,block_54
MAC001860,Std,ACORN-F,Comfortable,block_54
MAC005073,Std,ACORN-F,Comfortable,block_54
MAC001169,ToU,ACORN-F,Comfortable,block_55
MAC005024,Std,ACORN-F,Comfortable,block_55
MAC003679,ToU,ACORN-F,Comfortable,block_55
MAC005064,Std,ACORN-F,Comfortable,block_55
MAC001080,Std,ACORN-F,Comfortable,block_55
MAC001901,Std,ACORN-F,Comfortable,block_56
MAC005043,Std,ACORN-F,Comfortable,block_56
MAC000789,ToU,ACORN-F,Comfortable,block_56
MAC002944,Std,ACORN-F,Comfortable,block_56
MAC001186,Std,ACORN-F,Comfortable,block_56
MAC003080,ToU,ACORN-F,Comfortable,block_57
MAC003904,Std,ACORN-G,Comfortable,block_57
MAC001985,Std,ACORN-G,Comfortable,block_58
MAC005533,ToU,ACORN-G,Comfortable,block_58
MAC004138,Std,ACORN-G,Comfortable,block_58
MAC001012,ToU,ACORN-G,Comfortable,block_58
MAC003332,Std,ACORN-G,Comfortable,block_59
MAC005239,Std,ACORN-G,Comfortable,block_59
MAC001069,Std,ACORN-G,Comfortable,block_59
MAC003677,ToU,ACORN-G,Comfortable,block_60
MAC003295,Std,ACORN-G,Comfortable,block_60
MAC002574,ToU,ACORN-G,Comfortable,block_60
MAC002443,Std,ACORN-G,Comfortable,block_61
MAC002718,Std,ACORN-G,Comfortable,block_61
MAC004081,Std,ACORN-H,Comfortable,block_61
MAC001016,ToU,ACORN-H,Comfortable,block_62
MAC004095,Std,ACORN-H,Comfortable,block_62
MAC003682,ToU,ACORN-H,Comfortable,block_62
MAC000089,Std,ACORN-H,Comfortable,block_62
MAC004114,Std,ACORN-H,Comfortable,block_62
MAC002602,ToU,ACORN-H,Comfortable,block_63
MAC003116,ToU,ACORN-H,Comfortable,block_63
MAC004262,Std,ACORN-H,Comfortable,block_63
MAC004255,Std,ACORN-H,Comfortable,block_63
MAC000451,ToU,ACORN-H,Comfortable,block_63
MAC001650,ToU,ACORN-H,Comfortable,block_63
MAC000128,Std,ACORN-H,Comfortable,block_63
MAC000074,Std,ACORN-H,Comfortable,block_63
MAC004206,ToU,ACORN-H,Comfortable,block_64
MAC002476,ToU,ACORN-H,Comfortable,block_64
MAC000059,Std,ACORN-H,Comfortable,block_64
MAC003551,Std,ACORN-H,Comfortable,block_65
MAC002123,Std,ACORN-H,Comfortable,block_65
MAC003702,Std,ACORN-H,Comfortable,block_66
MAC003635,Std,ACORN-H,Comfortable,block_66
MAC000907,Std,ACORN-H,Comfortable,block_66
MAC002962,Std,ACORN-H,Comfortable,block_67
MAC003237,Std,ACORN-H,Comfortable,block_67
MAC003240,Std,ACORN-H,Comfortable,block_67
MAC001044,Std,ACORN-H,Comfortable,block_68
MAC002844,Std,ACORN-H,Comfortable,block_68
MAC003324,Std,ACORN-H,Comfortable,block_69
MAC003842,Std,ACORN-H,Comfortable,block_69
MAC003795,Std,ACORN-H,Comfortable,block_69
MAC003875,Std,ACORN-H,Comfortable,block_69
MAC003879,Std,ACORN-H,Comfortable,block_69
MAC003882,Std,ACORN-H,Comfortable,block_69
MAC000498,Std,ACORN-H,Comfortable,block_69
MAC001497,Std,ACORN-H,Comfortable,block_70
MAC001453,Std,ACORN-H,Comfortable,block_70
MAC003834,Std,ACORN-H,Comfortable,block_70
MAC000554,Std,ACORN-H,Comfortable,block_70
MAC003601,Std,ACORN-I,Comfortable,block_71
MAC004401,Std,ACORN-I,Comfortable,block_71
MAC000027,Std,ACORN-J,Comfortable,block_71
MAC003367,Std,ACORN-J,Comfortable,block_71
MAC004596,Std,ACORN-J,Comfortable,block_72
MAC003877,Std,ACORN-J,Comfortable,block_72
MAC003661,ToU,ACORN-J,Comfortable,block_73
MAC001263,Std,ACORN-J,Comfortable,block_73
MAC004903,Std,ACORN-J,Comfortable,block_73
MAC004901,Std,ACORN-J,Comfortable,block_73
MAC004729,Std,ACORN-K,Adversity,block_74
MAC001338,Std,ACORN-K,Adversity,block_74
MAC001927,Std,ACORN-K,Adversity,block_74
MAC001666,Std,ACORN-K,Adversity,block_75
MAC004172,Std,ACORN-K,Adversity,block_75
MAC000734,Std,ACORN-K,Adversity,block_75
MAC000532,Std,ACORN-K,Adversity,block_75
MAC001336,ToU,ACORN-K,Adversity,block_75
MAC000623,Std,ACORN-K,Adversity,block_75
MAC001104,Std,ACORN-K,Adversity,block_76
MAC001799,Std,ACORN-K,Adversity,block_76
MAC004696,Std,ACORN-K,Adversity,block_76
MAC000858,Std,ACORN-K,Adversity,block_76
MAC002524,Std,ACORN-K,Adversity,block_76
MAC000582,ToU,ACORN-K,Adversity,block_77
MAC000515,Std,ACORN-K,Adversity,block_77
MAC000953,Std,ACORN-L,Adversity,block_77
MAC003049,ToU,ACORN-L,Adversity,block_77
MAC004083,ToU,ACORN-L,Adversity,block_77
MAC005101,Std,ACORN-L,Adversity,block_78
MAC005548,Std,ACORN-L,Adversity,block_78
MAC001872,Std,ACORN-L,Adversity,block_78
MAC000146,ToU,ACORN-L,Adversity,block_78
MAC002553,Std,ACORN-L,Adversity,block_79
MAC001823,ToU,ACORN-L,Adversity,block_79
MAC002101,Std,ACORN-L,Adversity,block_79
MAC001761,Std,ACORN-L,Adversity,block_80
MAC004847,Std,ACORN-L,Adversity,block_80
MAC005102,ToU,ACORN-L,Adversity,block_80
MAC004841,Std,ACORN-L,Adversity,block_80
MAC004113,Std,ACORN-L,Adversity,block_81
MAC000127,Std,ACORN-L,Adversity,block_81
MAC003289,Std,ACORN-L,Adversity,block_81
MAC003641,Std,ACORN-L,Adversity,block_82
MAC004316,Std,ACORN-L,Adversity,block_82
MAC003604,Std,ACORN-L,Adversity,block_83
MAC004505,Std,ACORN-L,Adversity,block_83
MAC003233,Std,ACORN-L,Adversity,block_83
MAC003535,Std,ACORN-L,Adversity,block_84
MAC003185,ToU,ACORN-M,Adversity,block_84
MAC003961,Std,ACORN-M,Adversity,block_85
MAC003030,Std,ACORN-M,Adversity,block_85
MAC002760,Std,ACORN-M,Adversity,block_85
MAC003107,Std,ACORN-M,Adversity,block_86
MAC001732,Std,ACORN-M,Adversity,block_86
MAC002985,ToU,ACORN-M,Adversity,block_86
MAC000483,Std,ACORN-N,Adversity,block_86
MAC003781,Std,ACORN-N,Adversity,block_86
MAC003112,Std,ACORN-N,Adversity,block_87
MAC003086,Std,ACORN-N,Adversity,block_87
MAC003215,Std,ACORN-N,Adversity,block_87
MAC004407,Std,ACORN-N,Adversity,block_88
MAC003413,Std,ACORN-N,Adversity,block_88
MAC001982,Std,ACORN-N,Adversity,block_88
MAC001273,Std,ACORN-N,Adversity,block_89
MAC004128,Std,ACORN-N,Adversity,block_89
MAC002734,Std,ACORN-O,Adversity,block_90
MAC002893,Std,ACORN-O,Adversity,block_90
MAC004085,Std,ACORN-O,Adversity,block_90
MAC004017,Std,ACORN-O,Adversity,block_90
MAC004011,Std,ACORN-O,Adversity,block_90
MAC002387,Std,ACORN-O,Adversity,block_90
MAC002462,Std,ACORN-O,Adversity,block_91
MAC002673,ToU,ACORN-P,Adversity,block_91
MAC005560,Std,ACORN-P,Adversity,block_92
MAC002830,Std,ACORN-P,Adversity,block_92
MAC002863,Std,ACORN-P,Adversity,block_92
MAC005350,Std,ACORN-P,Adversity,block_93
MAC005377,Std,ACORN-P,Adversity,block_93
MAC000449,Std,ACORN-Q,Adversity,block_93
MAC000838,Std,ACORN-Q,Adversity,block_94
MAC000890,Std,ACORN-Q,Adversity,block_95
MAC001237,Std,ACORN-Q,Adversity,block_95
MAC000056,Std,ACORN-Q,Adversity,block_96
MAC001162,Std,ACORN-Q,Adversity,block_96
MAC002997,ToU,ACORN-Q,Adversity,block_96
MAC001193,Std,ACORN-Q,Adversity,block_96
MAC001100,Std,ACORN-Q,Adversity,block_96
MAC001041,Std,ACORN-Q,Adversity,block_97
MAC001083,Std,ACORN-Q,Adversity,block_97
MAC001282,Std,ACORN-Q,Adversity,block_98
MAC003637,ToU,ACORN-Q,Adversity,block_98
MAC004944,Std,ACORN-Q,Adversity,block_98
MAC004934,Std,ACORN-Q,Adversity,block_98
MAC005045,Std,ACORN-Q,Adversity,block_98
MAC003117,Std,ACORN-Q,Adversity,block_99
MAC003131,Std,ACORN-Q,Adversity,block_99
MAC004723,Std,ACORN-Q,Adversity,block_99
MAC004809,Std,ACORN-Q,Adversity,block_99
MAC002793,Std,ACORN-Q,Adversity,block_100
MAC002821,Std,ACORN-Q,Adversity,block_100
MAC003021,Std,ACORN-Q,Adversity,block_100
MAC002948,Std,ACORN-Q,Adversity,block_101
MAC004182,Std,ACORN-Q,Adversity,block_101
MAC003924,Std,ACORN-Q,Adversity,block_101
MAC003761,Std,ACORN-Q,Adversity,block_102
MAC004101,Std,ACORN-Q,Adversity,block_102
MAC004150,Std,ACORN-Q,Adversity,block_102
MAC003942,Std,ACORN-Q,Adversity,block_102
MAC003955,Std,ACORN-Q,Adversity,block_102
MAC004516,Std,ACORN-Q,Adversity,block_103
MAC004395,Std,ACORN-Q,Adversity,block_104
MAC003693,Std,ACORN-Q,Adversity,block_104
MAC005287,Std,ACORN-Q,Adversity,block_104
MAC001899,Std,ACORN-Q,Adversity,block_105
MAC002116,Std,ACORN-Q,Adversity,block_105
MAC002033,Std,ACORN-Q,Adversity,block_105
MAC002054,Std,ACORN-Q,Adversity,block_105
MAC000879,ToU,ACORN-Q,Adversity,block_106
MAC001598,Std,ACORN-Q,Adversity,block_106
MAC001459,Std,ACORN-Q,Adversity,block_106
MAC001549,Std,ACORN-Q,Adversity,block_106
MAC001752,Std,ACORN-Q,Adversity,block_106
MAC001509,ToU,ACORN-Q,Adversity,block_107
MAC001811,Std,ACORN-Q,Adversity,block_107
MAC001692,Std,ACORN-Q,Adversity,block_107
MAC002402,Std,ACORN-Q,Adversity,block_108
MAC002659,Std,ACORN-Q,Adversity,block_108
MAC002674,Std,ACORN-Q,Adversity,block_108
MAC002639,Std,ACORN-Q,Adversity,block_108
MAC000305,Std,ACORN-Q,Adversity,block_109
MAC000529,ToU,ACORN-Q,Adversity,block_109
MAC000316,Std,ACORN-Q,Adversity,block_109
MAC000292,ToU,ACORN-Q,Adversity,block_109
MAC002234,Std,ACORN-Q,Adversity,block_109
MAC002274,Std,ACORN-Q,Adversity,block_109
MAC000392,ToU,ACORN-Q,Adversity,block_109
MAC000408,ToU,ACORN-Q,Adversity,block_109
MAC004067,Std,ACORN-U,ACORN-U,block_110
MAC004570,Std,ACORN-U,ACORN-U,block_111
